ID,trip_label
31795,L
31796,L
31797,L
31798,B
31799,L
31800,L
31801,B
31802,L
31803,L
31804,L
31805,L
31806,L
31807,L
31808,B
31809,L
31810,L
31811,L
31812,B
31813,B
31814,B
31815,L
31816,L
31817,L
31818,B
31819,L
31820,B
31821,L
31822,L
31823,L
31824,L
31825,L
31826,B
31827,L
31828,L
31829,L
31830,L
31831,L
31832,L
31833,L
31834,L
31835,L
31836,L
31837,B
31838,L
31839,L
31840,L
31841,L
31842,L
31843,L
31844,L
31845,L
31846,L
31847,L
31848,L
31849,L
31850,L
31851,L
31852,B
31853,L
31854,L
31855,B
31856,B
31857,L
31858,L
31859,L
31860,B
31861,L
31862,B
31863,L
31864,L
31865,L
31866,B
31867,L
31868,L
31869,L
31870,L
31871,L
31872,L
31873,L
31874,L
31875,B
31876,L
31877,L
31878,L
31879,L
31880,L
31881,L
31882,L
31883,L
31884,L
31885,L
31886,L
31887,L
31888,B
31889,L
31890,L
31891,B
31892,L
31893,L
31894,L
31895,L
31896,L
31897,L
31898,L
31899,L
31900,L
31901,L
31902,L
31903,B
31904,L
31905,L
31906,L
31907,L
31908,B
31909,B
31910,L
31911,B
31912,L
31913,L
31914,L
31915,L
31916,L
31917,B
31918,B
31919,L
31920,L
31921,L
31922,L
31923,L
31924,L
31925,L
31926,L
31927,L
31928,B
31929,L
31930,L
31931,L
31932,B
31933,B
31934,L
31935,L
31936,L
31937,L
31938,L
31939,B
31940,L
31941,L
31942,L
31943,L
31944,L
31945,B
31946,B
31947,L
31948,L
31949,L
31950,L
31951,L
31952,L
31953,B
31954,L
31955,L
31956,L
31957,L
31958,L
31959,L
31960,L
31961,B
31962,L
31963,L
31964,L
31965,L
31966,B
31967,B
31968,L
31969,B
31970,L
31971,L
31972,L
31973,B
31974,L
31975,L
31976,L
31977,L
31978,L
31979,L
31980,L
31981,L
31982,B
31983,L
31984,L
31985,L
31986,L
31987,L
31988,B
31989,L
31990,L
31991,B
31992,B
31993,L
31994,B
31995,L
31996,L
31997,L
31998,L
31999,L
32000,L
32001,L
32002,L
32003,L
32004,L
32005,B
32006,L
32007,L
32008,L
32009,L
32010,L
32011,L
32012,L
32013,L
32014,L
32015,B
32016,L
32017,L
32018,L
32019,L
32020,L
32021,L
32022,L
32023,L
32024,L
32025,L
32026,L
32027,L
32028,L
32029,L
32030,L
32031,L
32032,L
32033,L
32034,L
32035,L
32036,L
32037,L
32038,B
32039,L
32040,L
32041,L
32042,L
32043,L
32044,L
32045,B
32046,L
32047,L
32048,L
32049,L
32050,B
32051,L
32052,L
32053,L
32054,B
32055,L
32056,L
32057,L
32058,L
32059,L
32060,L
32061,B
32062,L
32063,B
32064,L
32065,L
32066,L
32067,L
32068,L
32069,L
32070,B
32071,L
32072,L
32073,L
32074,L
32075,B
32076,L
32077,L
32078,L
32079,L
32080,L
32081,L
32082,L
32083,L
32084,B
32085,L
32086,L
32087,L
32088,L
32089,L
32090,L
32091,L
32092,L
32093,L
32094,L
32095,L
32096,L
32097,B
32098,L
32099,L
32100,L
32101,L
32102,L
32103,L
32104,L
32105,L
32106,L
32107,B
32108,L
32109,L
32110,L
32111,B
32112,L
32113,B
32114,L
32115,L
32116,L
32117,L
32118,B
32119,B
32120,L
32121,L
32122,L
32123,B
32124,B
32125,L
32126,B
32127,L
32128,L
32129,B
32130,L
32131,B
32132,B
32133,L
32134,L
32135,L
32136,B
32137,L
32138,L
32139,L
32140,B
32141,L
32142,L
32143,L
32144,L
32145,B
32146,L
32147,B
32148,L
32149,L
32150,L
32151,L
32152,L
32153,L
32154,L
32155,L
32156,L
32157,L
32158,L
32159,L
32160,L
32161,L
32162,L
32163,L
32164,L
32165,L
32166,L
32167,L
32168,L
32169,L
32170,L
32171,L
32172,L
32173,L
32174,L
32175,L
32176,L
32177,L
32178,B
32179,L
32180,L
32181,L
32182,L
32183,B
32184,B
32185,B
32186,L
32187,L
32188,L
32189,L
32190,L
32191,L
32192,L
32193,B
32194,L
32195,L
32196,L
32197,L
32198,L
32199,B
32200,L
32201,L
32202,L
32203,L
32204,B
32205,L
32206,L
32207,L
32208,L
32209,L
32210,L
32211,L
32212,L
32213,L
32214,B
32215,L
32216,L
32217,L
32218,B
32219,L
32220,L
32221,L
32222,L
32223,B
32224,B
32225,L
32226,B
32227,L
32228,L
32229,L
32230,L
32231,L
32232,B
32233,L
32234,B
32235,L
32236,L
32237,L
32238,L
32239,L
32240,L
32241,L
32242,L
32243,B
32244,L
32245,L
32246,B
32247,B
32248,B
32249,B
32250,L
32251,L
32252,L
32253,L
32254,L
32255,L
32256,L
32257,L
32258,L
32259,L
32260,L
32261,B
32262,L
32263,L
32264,L
32265,B
32266,L
32267,L
32268,L
32269,L
32270,B
32271,L
32272,L
32273,L
32274,B
32275,L
32276,L
32277,L
32278,B
32279,L
32280,L
32281,L
32282,L
32283,L
32284,L
32285,B
32286,L
32287,L
32288,L
32289,L
32290,L
32291,L
32292,L
32293,L
32294,L
32295,L
32296,B
32297,L
32298,L
32299,L
32300,L
32301,L
32302,L
32303,L
32304,L
32305,B
32306,L
32307,L
32308,B
32309,L
32310,L
32311,L
32312,L
32313,L
32314,B
32315,L
32316,B
32317,L
32318,L
32319,B
32320,L
32321,L
32322,L
32323,L
32324,B
32325,L
32326,L
32327,L
32328,L
32329,B
32330,B
32331,L
32332,L
32333,L
32334,L
32335,L
32336,L
32337,L
32338,L
32339,L
32340,L
32341,L
32342,L
32343,L
32344,L
32345,L
32346,B
32347,B
32348,L
32349,L
32350,L
32351,B
32352,L
32353,L
32354,L
32355,L
32356,L
32357,L
32358,L
32359,L
32360,L
32361,L
32362,B
32363,B
32364,L
32365,L
32366,L
32367,L
32368,L
32369,L
32370,L
32371,B
32372,L
32373,L
32374,L
32375,L
32376,L
32377,L
32378,L
32379,L
32380,L
32381,B
32382,L
32383,L
32384,L
32385,L
32386,L
32387,L
32388,B
32389,B
32390,B
32391,B
32392,L
32393,L
32394,B
32395,L
32396,B
32397,L
32398,L
32399,L
32400,L
32401,B
32402,L
32403,B
32404,L
32405,L
32406,L
32407,L
32408,L
32409,L
32410,L
32411,B
32412,L
32413,L
32414,L
32415,L
32416,B
32417,L
32418,B
32419,L
32420,L
32421,L
32422,B
32423,B
32424,L
32425,L
32426,L
32427,L
32428,L
32429,L
32430,L
32431,L
32432,B
32433,L
32434,L
32435,L
32436,B
32437,B
32438,L
32439,L
32440,L
32441,L
32442,B
32443,L
32444,L
32445,B
32446,L
32447,L
32448,L
32449,L
32450,L
32451,L
32452,L
32453,L
32454,L
32455,L
32456,L
32457,B
32458,L
32459,L
32460,L
32461,L
32462,L
32463,B
32464,L
32465,B
32466,L
32467,L
32468,B
32469,L
32470,B
32471,L
32472,L
32473,B
32474,B
32475,L
32476,L
32477,L
32478,L
32479,L
32480,L
32481,L
32482,L
32483,L
32484,L
32485,L
32486,L
32487,L
32488,L
32489,L
32490,L
32491,L
32492,L
32493,B
32494,L
32495,L
32496,L
32497,L
32498,B
32499,L
32500,L
32501,L
32502,L
32503,L
32504,L
32505,L
32506,L
32507,L
32508,L
32509,L
32510,L
32511,L
32512,B
32513,L
32514,L
32515,L
32516,L
32517,L
32518,B
32519,L
32520,L
32521,L
32522,L
32523,L
32524,B
32525,L
32526,L
32527,L
32528,L
32529,L
32530,L
32531,B
32532,L
32533,L
32534,L
32535,L
32536,L
32537,B
32538,B
32539,L
32540,L
32541,L
32542,L
32543,L
32544,L
32545,B
32546,L
32547,B
32548,L
32549,L
32550,L
32551,L
32552,B
32553,L
32554,L
32555,B
32556,L
32557,B
32558,L
32559,L
32560,L
32561,L
32562,L
32563,L
32564,L
32565,L
32566,L
32567,L
32568,L
32569,L
32570,B
32571,L
32572,B
32573,L
32574,L
32575,L
32576,L
32577,L
32578,L
32579,B
32580,L
32581,B
32582,B
32583,L
32584,L
32585,B
32586,B
32587,B
32588,L
32589,L
32590,L
32591,L
32592,L
32593,L
32594,B
32595,B
32596,B
32597,L
32598,L
32599,L
32600,B
32601,B
32602,L
32603,L
32604,L
32605,L
32606,L
32607,L
32608,L
32609,L
32610,L
32611,L
32612,L
32613,L
32614,L
32615,L
32616,L
32617,L
32618,L
32619,B
32620,B
32621,L
32622,B
32623,L
32624,L
32625,L
32626,B
32627,L
32628,L
32629,L
32630,L
32631,B
32632,L
32633,L
32634,L
32635,L
32636,L
32637,L
32638,L
32639,L
32640,B
32641,B
32642,L
32643,L
32644,L
32645,L
32646,L
32647,L
32648,L
32649,L
32650,L
32651,L
32652,L
32653,L
32654,L
32655,L
32656,B
32657,L
32658,L
32659,L
32660,L
32661,L
32662,L
32663,L
32664,L
32665,L
32666,L
32667,L
32668,L
32669,L
32670,L
32671,L
32672,B
32673,L
32674,L
32675,B
32676,L
32677,L
32678,L
32679,B
32680,B
32681,L
32682,L
32683,L
32684,L
32685,B
32686,L
32687,B
32688,L
32689,L
32690,B
32691,B
32692,L
32693,L
32694,L
32695,L
32696,L
32697,L
32698,B
32699,L
32700,L
32701,L
32702,B
32703,B
32704,B
32705,L
32706,B
32707,B
32708,L
32709,L
32710,L
32711,L
32712,L
32713,L
32714,B
32715,B
32716,L
32717,L
32718,L
32719,B
32720,L
32721,B
32722,B
32723,B
32724,L
32725,L
32726,L
32727,L
32728,L
32729,L
32730,L
32731,L
32732,L
32733,L
32734,B
32735,L
32736,L
32737,B
32738,L
32739,L
32740,B
32741,B
32742,L
32743,L
32744,L
32745,L
32746,L
32747,L
32748,L
32749,L
32750,L
32751,L
32752,L
32753,L
32754,L
32755,B
32756,L
32757,L
32758,L
32759,L
32760,L
32761,B
32762,L
32763,L
32764,L
32765,L
32766,L
32767,L
32768,L
32769,L
32770,B
32771,B
32772,L
32773,B
32774,L
32775,L
32776,L
32777,L
32778,L
32779,L
32780,B
32781,B
32782,B
32783,L
32784,L
32785,L
32786,L
32787,L
32788,B
32789,L
32790,L
32791,L
32792,L
32793,L
32794,L
32795,L
32796,L
32797,L
32798,B
32799,B
32800,L
32801,L
32802,B
32803,L
32804,L
32805,L
32806,L
32807,L
32808,L
32809,B
32810,L
32811,L
32812,L
32813,L
32814,B
32815,L
32816,L
32817,L
32818,L
32819,L
32820,B
32821,L
32822,L
32823,L
32824,L
32825,L
32826,L
32827,L
32828,L
32829,L
32830,B
32831,L
32832,L
32833,L
32834,L
32835,L
32836,L
32837,L
32838,L
32839,L
32840,B
32841,B
32842,L
32843,L
32844,L
32845,L
32846,L
32847,L
32848,L
32849,L
32850,L
32851,L
32852,L
32853,B
32854,L
32855,B
32856,L
32857,L
32858,L
32859,B
32860,B
32861,B
32862,L
32863,L
32864,L
32865,L
32866,L
32867,L
32868,L
32869,L
32870,L
32871,L
32872,L
32873,L
32874,B
32875,L
32876,L
32877,L
32878,L
32879,L
32880,B
32881,L
32882,L
32883,L
32884,L
32885,B
32886,B
32887,L
32888,L
32889,B
32890,L
32891,L
32892,L
32893,B
32894,B
32895,L
32896,L
32897,L
32898,L
32899,B
32900,L
32901,L
32902,L
32903,L
32904,L
32905,L
32906,L
32907,L
32908,L
32909,L
32910,L
32911,B
32912,B
32913,B
32914,L
32915,L
32916,L
32917,L
32918,L
32919,B
32920,B
32921,L
32922,L
32923,L
32924,L
32925,B
32926,B
32927,L
32928,L
32929,L
32930,L
32931,L
32932,L
32933,L
32934,L
32935,L
32936,L
32937,L
32938,L
32939,L
32940,L
32941,L
32942,L
32943,L
32944,B
32945,L
32946,L
32947,L
32948,B
32949,L
32950,L
32951,L
32952,L
32953,L
32954,L
32955,L
32956,L
32957,B
32958,L
32959,L
32960,L
32961,L
32962,L
32963,L
32964,L
32965,L
32966,L
32967,B
32968,L
32969,L
32970,L
32971,L
32972,L
32973,L
32974,L
32975,L
32976,L
32977,B
32978,B
32979,L
32980,L
32981,L
32982,L
32983,B
32984,L
32985,L
32986,B
32987,L
32988,L
32989,L
32990,L
32991,L
32992,B
32993,L
32994,L
32995,L
32996,L
32997,L
32998,B
32999,B
33000,B
33001,L
33002,L
33003,L
33004,L
33005,L
33006,L
33007,L
33008,L
33009,L
33010,L
33011,L
33012,L
33013,L
33014,L
33015,B
33016,L
33017,L
33018,L
33019,B
33020,L
33021,L
33022,L
33023,L
33024,L
33025,L
33026,B
33027,L
33028,L
33029,L
33030,L
33031,L
33032,B
33033,L
33034,L
33035,L
33036,L
33037,L
33038,B
33039,L
33040,L
33041,B
33042,B
33043,L
33044,L
33045,L
33046,L
33047,B
33048,L
33049,L
33050,L
33051,L
33052,L
33053,L
33054,L
33055,L
33056,L
33057,L
33058,L
33059,L
33060,L
33061,B
33062,B
33063,L
33064,B
33065,L
33066,L
33067,B
33068,L
33069,L
33070,L
33071,L
33072,L
33073,L
33074,L
33075,L
33076,L
33077,L
33078,L
33079,L
33080,L
33081,L
33082,L
33083,L
33084,L
33085,B
33086,L
33087,L
33088,L
33089,L
33090,L
33091,B
33092,L
33093,L
33094,L
33095,L
33096,B
33097,L
33098,B
33099,L
33100,B
33101,L
33102,L
33103,L
33104,L
33105,L
33106,L
33107,L
33108,L
33109,L
33110,L
33111,L
33112,L
33113,L
33114,L
33115,B
33116,L
33117,L
33118,L
33119,B
33120,L
33121,B
33122,L
33123,L
33124,L
33125,B
33126,L
33127,B
33128,L
33129,L
33130,L
33131,L
33132,L
33133,B
33134,B
33135,L
33136,L
33137,L
33138,B
33139,L
33140,L
33141,L
33142,B
33143,L
33144,L
33145,L
33146,B
33147,B
33148,L
33149,B
33150,L
33151,B
33152,L
33153,L
33154,B
33155,B
33156,L
33157,L
33158,L
33159,B
33160,L
33161,L
33162,L
33163,L
33164,B
33165,L
33166,B
33167,L
33168,L
33169,L
33170,B
33171,L
33172,L
33173,L
33174,L
33175,L
33176,B
33177,B
33178,L
33179,L
33180,L
33181,L
33182,L
33183,L
33184,L
33185,L
33186,B
33187,L
33188,L
33189,L
33190,L
33191,L
33192,L
33193,L
33194,L
33195,L
33196,L
33197,L
33198,L
33199,L
33200,L
33201,L
33202,B
33203,B
33204,L
33205,L
33206,L
33207,L
33208,L
33209,L
33210,L
33211,L
33212,L
33213,B
33214,L
33215,L
33216,L
33217,L
33218,L
33219,B
33220,B
33221,L
33222,L
33223,L
33224,L
33225,B
33226,B
33227,L
33228,L
33229,B
33230,L
33231,L
33232,L
33233,B
33234,L
33235,L
33236,L
33237,L
33238,L
33239,L
33240,L
33241,L
33242,L
33243,B
33244,L
33245,L
33246,L
33247,L
33248,L
33249,L
33250,L
33251,L
33252,L
33253,L
33254,L
33255,L
33256,L
33257,L
33258,B
33259,L
33260,L
33261,L
33262,L
33263,L
33264,L
33265,L
33266,L
33267,L
33268,B
33269,L
33270,L
33271,B
33272,L
33273,L
33274,L
33275,L
33276,L
33277,L
33278,L
33279,L
33280,L
33281,L
33282,L
33283,L
33284,L
33285,L
33286,L
33287,L
33288,L
33289,L
33290,L
33291,L
33292,L
33293,L
33294,L
33295,L
33296,L
33297,L
33298,L
33299,B
33300,L
33301,B
33302,L
33303,L
33304,L
33305,B
33306,L
33307,L
33308,L
33309,L
33310,L
33311,L
33312,L
33313,L
33314,L
33315,L
33316,B
33317,L
33318,L
33319,B
33320,L
33321,B
33322,B
33323,L
33324,B
33325,L
33326,L
33327,L
33328,L
33329,B
33330,L
33331,L
33332,L
33333,B
33334,L
33335,L
33336,L
33337,B
33338,B
33339,L
33340,L
33341,L
33342,L
33343,L
33344,L
33345,B
33346,L
33347,L
33348,L
33349,L
33350,L
33351,B
33352,L
33353,B
33354,L
33355,B
33356,B
33357,L
33358,L
33359,L
33360,L
33361,L
33362,L
33363,L
33364,L
33365,L
33366,L
33367,B
33368,B
33369,B
33370,L
33371,L
33372,L
33373,B
33374,L
33375,L
33376,L
33377,L
33378,L
33379,L
33380,L
33381,L
33382,L
33383,L
33384,B
33385,L
33386,L
33387,L
33388,L
33389,B
33390,L
33391,L
33392,L
33393,L
33394,L
33395,B
33396,L
33397,B
33398,L
33399,L
33400,L
33401,L
33402,L
33403,L
33404,B
33405,L
33406,L
33407,L
33408,L
33409,L
33410,L
33411,L
33412,B
33413,L
33414,L
33415,L
33416,B
33417,B
33418,B
33419,L
33420,B
33421,L
33422,L
33423,L
33424,L
33425,L
33426,B
33427,B
33428,L
33429,L
33430,L
33431,L
33432,L
33433,L
33434,L
33435,L
33436,L
33437,L
33438,L
33439,L
33440,L
33441,B
33442,L
33443,L
33444,L
33445,L
33446,L
33447,L
33448,L
33449,L
33450,L
33451,L
33452,L
33453,B
33454,L
33455,L
33456,L
33457,L
33458,L
33459,B
33460,L
33461,L
33462,L
33463,L
33464,L
33465,L
33466,B
33467,L
33468,L
33469,L
33470,L
33471,L
33472,L
33473,L
33474,L
33475,B
33476,B
33477,L
33478,B
33479,L
33480,B
33481,L
33482,L
33483,L
33484,L
33485,L
33486,L
33487,L
33488,L
33489,L
33490,L
33491,L
33492,L
33493,L
33494,L
33495,L
33496,B
33497,L
33498,L
33499,L
33500,L
33501,L
33502,L
33503,L
33504,L
33505,B
33506,L
33507,L
33508,L
33509,L
33510,L
33511,L
33512,L
33513,L
33514,L
33515,B
33516,L
33517,L
33518,L
33519,L
33520,L
33521,L
33522,L
33523,L
33524,B
33525,L
33526,L
33527,B
33528,L
33529,L
33530,B
33531,L
33532,L
33533,L
33534,L
33535,L
33536,L
33537,L
33538,L
33539,L
33540,L
33541,L
33542,L
33543,L
33544,B
33545,L
33546,L
33547,L
33548,L
33549,B
33550,L
33551,L
33552,B
33553,L
33554,L
33555,L
33556,L
33557,L
33558,L
33559,L
33560,L
33561,L
33562,B
33563,B
33564,L
33565,B
33566,B
33567,L
33568,L
33569,L
33570,L
33571,L
33572,L
33573,B
33574,L
33575,B
33576,L
33577,L
33578,L
33579,L
33580,L
33581,L
33582,L
33583,L
33584,B
33585,L
33586,B
33587,L
33588,L
33589,L
33590,L
33591,B
33592,L
33593,L
33594,B
33595,L
33596,L
33597,L
33598,L
33599,L
33600,L
33601,L
33602,L
33603,B
33604,L
33605,B
33606,L
33607,L
33608,L
33609,L
33610,L
33611,L
33612,B
33613,L
33614,L
33615,L
33616,L
33617,L
33618,B
33619,L
33620,L
33621,L
33622,L
33623,L
33624,L
33625,B
33626,L
33627,L
33628,L
33629,L
33630,L
33631,L
33632,L
33633,L
33634,B
33635,B
33636,L
33637,L
33638,L
33639,B
33640,L
33641,L
33642,B
33643,L
33644,L
33645,L
33646,L
33647,L
33648,L
33649,L
33650,L
33651,L
33652,B
33653,L
33654,L
33655,L
33656,L
33657,L
33658,B
33659,L
33660,L
33661,B
33662,L
33663,L
33664,L
33665,B
33666,L
33667,B
33668,L
33669,L
33670,L
33671,B
33672,L
33673,B
33674,L
33675,L
33676,B
33677,L
33678,B
33679,L
33680,L
33681,L
33682,L
33683,L
33684,L
33685,L
33686,L
33687,L
33688,L
33689,L
33690,L
33691,L
33692,L
33693,L
33694,L
33695,L
33696,L
33697,B
33698,B
33699,L
33700,B
33701,L
33702,L
33703,L
33704,L
33705,L
33706,B
33707,L
33708,L
33709,L
33710,L
33711,L
33712,B
33713,L
33714,L
33715,L
33716,L
33717,L
33718,L
33719,L
33720,L
33721,L
33722,L
33723,B
33724,B
33725,L
33726,L
33727,L
33728,L
33729,L
33730,L
33731,L
33732,L
33733,L
33734,B
33735,B
33736,L
33737,L
33738,B
33739,L
33740,L
33741,L
33742,L
33743,L
33744,B
33745,B
33746,L
33747,L
33748,L
33749,B
33750,L
33751,L
33752,B
33753,L
33754,L
33755,L
33756,L
33757,L
33758,L
33759,B
33760,B
33761,L
33762,L
33763,L
33764,L
33765,L
33766,L
33767,L
33768,L
33769,L
33770,B
33771,L
33772,L
33773,L
33774,L
33775,L
33776,L
33777,L
33778,L
33779,L
33780,L
33781,L
33782,B
33783,L
33784,L
33785,L
33786,L
33787,L
33788,L
33789,L
33790,L
33791,L
33792,L
33793,L
33794,L
33795,L
33796,L
33797,B
33798,L
33799,B
33800,L
33801,L
33802,L
33803,L
33804,L
33805,B
33806,B
33807,L
33808,L
33809,B
33810,L
33811,L
33812,B
33813,B
33814,L
33815,L
33816,L
33817,L
33818,L
33819,B
33820,L
33821,L
33822,L
33823,L
33824,L
33825,L
33826,B
33827,L
33828,L
33829,L
33830,L
33831,L
33832,L
33833,L
33834,B
33835,L
33836,L
33837,B
33838,L
33839,L
33840,B
33841,B
33842,L
33843,L
33844,B
33845,L
33846,L
33847,B
33848,B
33849,B
33850,L
33851,L
33852,B
33853,L
33854,L
33855,L
33856,L
33857,L
33858,L
33859,L
33860,L
33861,L
33862,L
33863,L
33864,L
33865,L
33866,L
33867,L
33868,L
33869,L
33870,B
33871,L
33872,B
33873,L
33874,L
33875,L
33876,B
33877,B
33878,L
33879,L
33880,L
33881,L
33882,L
33883,B
33884,L
33885,L
33886,L
33887,B
33888,L
33889,L
33890,L
33891,L
33892,L
33893,B
33894,L
33895,L
33896,L
33897,B
33898,L
33899,B
33900,L
33901,L
33902,B
33903,L
33904,B
33905,L
33906,L
33907,L
33908,L
33909,L
33910,L
33911,L
33912,L
33913,B
33914,B
33915,L
33916,L
33917,L
33918,B
33919,L
33920,L
33921,L
33922,B
33923,L
33924,L
33925,L
33926,L
33927,L
33928,L
33929,L
33930,B
33931,L
33932,L
33933,L
33934,L
33935,L
33936,B
33937,L
33938,L
33939,L
33940,L
33941,B
33942,L
33943,L
33944,B
33945,L
33946,L
33947,L
33948,L
33949,L
33950,B
33951,L
33952,B
33953,B
33954,L
33955,B
33956,L
33957,L
33958,L
33959,L
33960,L
33961,L
33962,L
33963,L
33964,B
33965,L
33966,L
33967,B
33968,B
33969,L
33970,B
33971,L
33972,L
33973,L
33974,L
33975,L
33976,L
33977,L
33978,L
33979,L
33980,L
33981,L
33982,L
33983,L
33984,L
33985,L
33986,L
33987,L
33988,L
33989,L
33990,L
33991,L
33992,B
33993,L
33994,L
33995,L
33996,L
33997,L
33998,L
33999,L
34000,L
34001,L
34002,L
34003,L
34004,L
34005,L
34006,L
34007,L
34008,L
34009,B
34010,L
34011,L
34012,L
34013,L
34014,L
34015,L
34016,L
34017,L
34018,L
34019,L
34020,L
34021,L
34022,L
34023,L
34024,L
34025,L
34026,L
34027,L
34028,L
34029,L
34030,L
34031,L
34032,L
34033,L
34034,L
34035,B
34036,L
34037,L
34038,L
34039,L
34040,L
34041,L
34042,L
34043,L
34044,L
34045,L
34046,L
34047,L
34048,L
34049,L
34050,B
34051,L
34052,L
34053,L
34054,L
34055,L
34056,B
34057,L
34058,L
34059,B
34060,L
34061,L
34062,L
34063,L
34064,L
34065,B
34066,L
34067,L
34068,L
34069,L
34070,L
34071,L
34072,B
34073,L
34074,L
34075,L
34076,B
34077,L
34078,L
34079,L
34080,L
34081,L
34082,L
34083,L
34084,L
34085,B
34086,L
34087,L
34088,L
34089,L
34090,B
34091,L
34092,L
34093,L
34094,L
34095,L
34096,B
34097,L
34098,B
34099,L
34100,L
34101,L
34102,L
34103,L
34104,B
34105,L
34106,L
34107,L
34108,L
34109,B
34110,L
34111,B
34112,L
34113,L
34114,B
34115,L
34116,L
34117,L
34118,L
34119,L
34120,L
34121,L
34122,L
34123,L
34124,L
34125,L
34126,B
34127,L
34128,B
34129,B
34130,L
34131,L
34132,L
34133,L
34134,L
34135,L
34136,L
34137,L
34138,L
34139,L
34140,L
34141,L
34142,L
34143,L
34144,L
34145,L
34146,L
34147,L
34148,L
34149,L
34150,B
34151,B
34152,B
34153,L
34154,L
34155,L
34156,L
34157,L
34158,B
34159,B
34160,L
34161,L
34162,L
34163,L
34164,L
34165,L
34166,B
34167,L
34168,L
34169,L
34170,L
34171,L
34172,L
34173,L
34174,L
34175,B
34176,L
34177,L
34178,L
34179,B
34180,L
34181,B
34182,L
34183,L
34184,L
34185,B
34186,L
34187,L
34188,L
34189,L
34190,B
34191,L
34192,L
34193,L
34194,L
34195,L
34196,L
34197,B
34198,L
34199,L
34200,L
34201,L
34202,L
34203,L
34204,L
34205,L
34206,B
34207,L
34208,L
34209,L
34210,L
34211,L
34212,B
34213,B
34214,L
34215,L
34216,L
34217,B
34218,L
34219,L
34220,L
34221,L
34222,L
34223,B
34224,L
34225,L
34226,L
34227,B
34228,B
34229,L
34230,L
34231,L
34232,B
34233,B
34234,L
34235,L
34236,L
34237,L
34238,L
34239,L
34240,L
34241,L
34242,L
34243,B
34244,L
34245,L
34246,B
34247,L
34248,L
34249,B
34250,B
34251,B
34252,L
34253,L
34254,B
34255,L
34256,L
34257,L
34258,B
34259,L
34260,L
34261,L
34262,B
34263,L
34264,L
34265,L
34266,L
34267,L
34268,B
34269,L
34270,B
34271,L
34272,L
34273,L
34274,L
34275,L
34276,L
34277,L
34278,L
34279,L
34280,L
34281,L
34282,L
34283,L
34284,L
34285,B
34286,L
34287,L
34288,L
34289,L
34290,L
34291,L
34292,L
34293,L
34294,L
34295,L
34296,L
34297,L
34298,L
34299,L
34300,L
34301,L
34302,L
34303,L
34304,B
34305,L
34306,L
34307,B
34308,B
34309,L
34310,L
34311,L
34312,L
34313,L
34314,L
34315,L
34316,B
34317,B
34318,L
34319,L
34320,L
34321,B
34322,L
34323,L
34324,L
34325,L
34326,L
34327,L
34328,L
34329,L
34330,B
34331,L
34332,B
34333,L
34334,B
34335,L
34336,L
34337,B
34338,B
34339,L
34340,B
34341,L
34342,L
34343,B
34344,L
34345,L
34346,B
34347,L
34348,B
34349,L
34350,L
34351,L
34352,L
34353,B
34354,L
34355,B
34356,B
34357,L
34358,L
34359,B
34360,L
34361,L
34362,L
34363,L
34364,L
34365,L
34366,B
34367,L
34368,L
34369,B
34370,L
34371,L
34372,L
34373,L
34374,L
34375,L
34376,B
34377,B
34378,B
34379,B
34380,L
34381,L
34382,L
34383,L
34384,L
34385,L
34386,L
34387,L
34388,L
34389,L
34390,B
34391,L
34392,B
34393,B
34394,L
34395,L
34396,L
34397,L
34398,L
34399,B
34400,L
34401,L
34402,L
34403,B
34404,L
34405,L
34406,B
34407,L
34408,L
34409,L
34410,L
34411,L
34412,B
34413,L
34414,L
34415,L
34416,L
34417,L
34418,L
34419,B
34420,L
34421,L
34422,L
34423,L
34424,L
34425,B
34426,B
34427,L
34428,L
34429,L
34430,L
34431,L
34432,L
34433,B
34434,L
34435,L
34436,L
34437,L
34438,L
34439,L
34440,L
34441,L
34442,L
34443,L
34444,B
34445,L
34446,L
34447,L
34448,L
34449,L
34450,L
34451,L
34452,L
34453,L
34454,B
34455,L
34456,L
34457,B
34458,L
34459,L
34460,L
34461,L
34462,L
34463,L
34464,B
34465,L
34466,L
34467,L
34468,L
34469,B
34470,L
34471,L
34472,B
34473,L
34474,L
34475,L
34476,L
34477,B
34478,B
34479,L
34480,L
34481,L
34482,L
34483,L
34484,L
34485,L
34486,L
34487,B
34488,L
34489,L
34490,L
34491,L
34492,L
34493,B
34494,L
34495,L
34496,L
34497,L
34498,L
34499,B
34500,L
34501,L
34502,L
34503,B
34504,B
34505,L
34506,L
34507,L
34508,L
34509,L
34510,B
34511,L
34512,L
34513,B
34514,L
34515,L
34516,B
34517,L
34518,L
34519,L
34520,B
34521,L
34522,L
34523,B
34524,L
34525,L
34526,L
34527,L
34528,L
34529,L
34530,L
34531,B
34532,L
34533,L
34534,L
34535,L
34536,L
34537,B
34538,L
34539,L
34540,B
34541,B
34542,L
34543,B
34544,L
34545,L
34546,B
34547,L
34548,L
34549,L
34550,L
34551,L
34552,L
34553,L
34554,L
34555,L
34556,L
34557,B
34558,L
34559,L
34560,L
34561,L
34562,L
34563,L
34564,L
34565,L
34566,L
34567,L
34568,L
34569,L
34570,L
34571,L
34572,L
34573,L
34574,L
34575,B
34576,B
34577,L
34578,B
34579,L
34580,L
34581,L
34582,L
34583,L
34584,L
34585,L
34586,L
34587,L
34588,L
34589,B
34590,B
34591,L
34592,L
34593,B
34594,L
34595,L
34596,B
34597,L
34598,L
34599,L
34600,L
34601,L
34602,B
34603,B
34604,L
34605,L
34606,L
34607,L
34608,L
34609,L
34610,L
34611,B
34612,L
34613,L
34614,L
34615,L
34616,L
34617,L
34618,L
34619,L
34620,L
34621,B
34622,L
34623,L
34624,L
34625,B
34626,L
34627,L
34628,B
34629,L
34630,B
34631,L
34632,L
34633,L
34634,L
34635,L
34636,L
34637,B
34638,L
34639,L
34640,L
34641,L
34642,L
34643,L
34644,L
34645,L
34646,L
34647,L
34648,L
34649,L
34650,L
34651,L
34652,L
34653,L
34654,L
34655,L
34656,L
34657,L
34658,L
34659,L
34660,L
34661,L
34662,L
34663,B
34664,L
34665,L
34666,L
34667,L
34668,L
34669,L
34670,L
34671,B
34672,L
34673,L
34674,L
34675,L
34676,L
34677,L
34678,L
34679,L
34680,B
34681,L
34682,L
34683,B
34684,L
34685,L
34686,B
34687,B
34688,L
34689,B
34690,L
34691,L
34692,L
34693,L
34694,B
34695,L
34696,L
34697,L
34698,L
34699,B
34700,L
34701,B
34702,B
34703,L
34704,L
34705,B
34706,L
34707,L
34708,L
34709,L
34710,L
34711,L
34712,L
34713,L
34714,L
34715,L
34716,B
34717,L
34718,L
34719,B
34720,L
34721,L
34722,L
34723,L
34724,L
34725,L
34726,L
34727,L
34728,L
34729,B
34730,L
34731,L
34732,B
34733,L
34734,L
34735,B
34736,L
34737,L
34738,L
34739,L
34740,L
34741,L
34742,L
34743,L
34744,L
34745,B
34746,L
34747,L
34748,L
34749,B
34750,L
34751,L
34752,L
34753,B
34754,L
34755,L
34756,B
34757,L
34758,L
34759,L
34760,L
34761,B
34762,B
34763,L
34764,L
34765,L
34766,L
34767,L
34768,L
34769,L
34770,L
34771,L
34772,B
34773,L
34774,L
34775,B
34776,B
34777,L
34778,L
34779,L
34780,L
34781,L
34782,L
34783,L
34784,L
34785,B
34786,L
34787,B
34788,B
34789,L
34790,L
34791,L
34792,L
34793,L
34794,L
34795,L
34796,L
34797,L
34798,L
34799,L
34800,L
34801,B
34802,L
34803,B
34804,L
34805,L
34806,L
34807,B
34808,L
34809,B
34810,L
34811,L
34812,L
34813,L
34814,L
34815,L
34816,L
34817,L
34818,L
34819,B
34820,B
34821,L
34822,L
34823,L
34824,B
34825,L
34826,L
34827,L
34828,L
34829,B
34830,L
34831,B
34832,B
34833,L
34834,L
34835,B
34836,L
34837,L
34838,L
34839,B
34840,L
34841,L
34842,B
34843,B
34844,L
34845,L
34846,L
34847,L
34848,L
34849,L
34850,B
34851,L
34852,L
34853,L
34854,L
34855,L
34856,L
34857,L
34858,L
34859,L
34860,L
34861,B
34862,L
34863,L
34864,L
34865,L
34866,B
34867,L
34868,L
34869,L
34870,L
34871,L
34872,L
34873,L
34874,L
34875,L
34876,B
34877,L
34878,L
34879,L
34880,L
34881,L
34882,L
34883,L
34884,B
34885,B
34886,L
34887,L
34888,L
34889,B
34890,L
34891,L
34892,L
34893,L
34894,L
34895,B
34896,L
34897,B
34898,L
34899,L
34900,L
34901,L
34902,L
34903,L
34904,L
34905,L
34906,L
34907,L
34908,L
34909,L
34910,L
34911,L
34912,L
34913,L
34914,L
34915,B
34916,B
34917,L
34918,L
34919,L
34920,B
34921,L
34922,L
34923,B
34924,B
34925,L
34926,L
34927,L
34928,B
34929,L
34930,L
34931,L
34932,B
34933,B
34934,B
34935,B
34936,L
34937,L
34938,L
34939,L
34940,L
34941,L
34942,L
34943,L
34944,L
34945,L
34946,L
34947,B
34948,L
34949,L
34950,L
34951,L
34952,L
34953,L
34954,L
34955,L
34956,L
34957,L
34958,L
34959,B
34960,L
34961,L
34962,L
34963,L
34964,L
34965,B
34966,L
34967,L
34968,B
34969,B
34970,L
34971,L
34972,L
34973,L
34974,L
34975,L
34976,L
34977,L
34978,L
34979,B
34980,B
34981,B
34982,B
34983,B
34984,L
34985,L
34986,L
34987,L
34988,L
34989,L
34990,B
34991,L
34992,L
34993,L
34994,B
34995,L
34996,L
34997,L
34998,L
34999,B
35000,L
35001,L
35002,L
35003,L
35004,L
35005,B
35006,L
35007,L
35008,L
35009,L
35010,L
35011,L
35012,L
35013,L
35014,L
35015,L
35016,B
35017,L
35018,L
35019,L
35020,L
35021,L
35022,L
35023,L
35024,L
35025,L
35026,L
35027,L
35028,L
35029,B
35030,L
35031,L
35032,B
35033,L
35034,L
35035,B
35036,L
35037,L
35038,L
35039,B
35040,L
35041,L
35042,B
35043,B
35044,B
35045,L
35046,L
35047,L
35048,L
35049,L
35050,L
35051,L
35052,L
35053,L
35054,B
35055,B
35056,L
35057,L
35058,L
35059,L
35060,L
35061,L
35062,L
35063,L
35064,L
35065,L
35066,L
35067,L
35068,L
35069,L
35070,L
35071,B
35072,L
35073,L
35074,L
35075,L
35076,L
35077,L
35078,L
35079,B
35080,L
35081,B
35082,L
35083,L
35084,B
35085,B
35086,L
35087,L
35088,B
35089,B
35090,L
35091,L
35092,L
35093,B
35094,L
35095,B
35096,B
35097,B
35098,B
35099,L
35100,B
35101,L
35102,L
35103,L
35104,L
35105,L
35106,L
35107,L
35108,L
35109,L
35110,L
35111,B
35112,L
35113,L
35114,B
35115,L
35116,B
35117,L
35118,L
35119,B
35120,L
35121,L
35122,L
35123,B
35124,L
35125,L
35126,L
35127,L
35128,L
35129,B
35130,B
35131,L
35132,L
35133,L
35134,B
35135,L
35136,L
35137,B
35138,L
35139,L
35140,L
35141,B
35142,B
35143,L
35144,L
35145,L
35146,L
35147,B
35148,L
35149,L
35150,L
35151,L
35152,L
35153,L
35154,L
35155,L
35156,B
35157,L
35158,L
35159,L
35160,L
35161,L
35162,B
35163,L
35164,L
35165,L
35166,L
35167,L
35168,B
35169,L
35170,L
35171,L
35172,L
35173,L
35174,L
35175,B
35176,L
35177,B
35178,B
35179,L
35180,L
35181,L
35182,L
35183,L
35184,L
35185,L
35186,B
35187,L
35188,B
35189,L
35190,L
35191,B
35192,L
35193,B
35194,L
35195,B
35196,L
35197,L
35198,L
35199,L
35200,L
35201,L
35202,L
35203,B
35204,L
35205,L
35206,B
35207,L
35208,L
35209,L
35210,B
35211,B
35212,L
35213,L
35214,L
35215,L
35216,L
35217,B
35218,L
35219,L
35220,L
35221,L
35222,L
35223,B
35224,L
35225,L
35226,B
35227,L
35228,L
35229,B
35230,B
35231,B
35232,L
35233,L
35234,L
35235,L
35236,L
35237,L
35238,B
35239,L
35240,L
35241,L
35242,L
35243,B
35244,L
35245,L
35246,L
35247,L
35248,L
35249,L
35250,L
35251,L
35252,L
35253,L
35254,B
35255,L
35256,B
35257,B
35258,L
35259,L
35260,B
35261,L
35262,L
35263,L
35264,B
35265,B
35266,L
35267,L
35268,L
35269,L
35270,L
35271,B
35272,L
35273,L
35274,L
35275,B
35276,L
35277,L
35278,L
35279,B
35280,L
35281,L
35282,L
35283,L
35284,L
35285,L
35286,L
35287,L
35288,L
35289,B
35290,L
35291,L
35292,L
35293,B
35294,L
35295,L
35296,L
35297,L
35298,L
35299,L
35300,L
35301,L
35302,B
35303,L
35304,L
35305,L
35306,L
35307,L
35308,L
35309,L
35310,B
35311,L
35312,L
35313,L
35314,L
35315,L
35316,L
35317,L
35318,L
35319,L
35320,B
35321,L
35322,L
35323,L
35324,L
35325,B
35326,B
35327,B
35328,L
35329,L
35330,B
35331,L
35332,B
35333,L
35334,B
35335,L
35336,L
35337,B
35338,L
35339,L
35340,L
35341,L
35342,B
35343,L
35344,L
35345,L
35346,L
35347,L
35348,L
35349,L
35350,B
35351,L
35352,L
35353,L
35354,B
35355,L
35356,L
35357,L
35358,L
35359,L
35360,L
35361,B
35362,L
35363,L
35364,L
35365,B
35366,L
35367,B
35368,L
35369,L
35370,L
35371,L
35372,L
35373,L
35374,L
35375,L
35376,L
35377,B
35378,L
35379,L
35380,B
35381,L
35382,L
35383,L
35384,L
35385,L
35386,L
35387,L
35388,L
35389,L
35390,L
35391,L
35392,L
35393,L
35394,L
35395,L
35396,L
35397,L
35398,B
35399,L
35400,L
35401,L
35402,L
35403,B
35404,L
35405,L
35406,L
35407,L
35408,L
35409,L
35410,L
35411,L
35412,B
35413,L
35414,L
35415,L
35416,L
35417,L
35418,L
35419,L
35420,B
35421,L
35422,B
35423,L
35424,L
35425,L
35426,B
35427,L
35428,L
35429,L
35430,L
35431,L
35432,L
35433,L
35434,L
35435,L
35436,L
35437,L
35438,L
35439,B
35440,L
35441,B
35442,L
35443,L
35444,L
35445,B
35446,B
35447,L
35448,L
35449,L
35450,B
35451,L
35452,L
35453,L
35454,B
35455,B
35456,L
35457,B
35458,L
35459,L
35460,L
35461,L
35462,L
35463,B
35464,L
35465,B
35466,L
35467,L
35468,B
35469,L
35470,L
35471,L
35472,L
35473,L
35474,L
35475,L
35476,L
35477,L
35478,L
35479,L
35480,L
35481,L
35482,B
35483,B
35484,L
35485,L
35486,L
35487,B
35488,L
35489,L
35490,B
35491,L
35492,L
35493,L
35494,L
35495,L
35496,L
35497,L
35498,L
35499,L
35500,B
35501,L
35502,B
35503,L
35504,L
35505,L
35506,L
35507,L
35508,L
35509,L
35510,L
35511,L
35512,B
35513,L
35514,L
35515,L
35516,L
35517,L
35518,B
35519,L
35520,B
35521,L
35522,L
35523,L
35524,L
35525,L
35526,L
35527,L
35528,L
35529,B
35530,L
35531,L
35532,L
35533,L
35534,B
35535,L
35536,L
35537,B
35538,B
35539,L
35540,L
35541,B
35542,L
35543,L
35544,L
35545,B
35546,L
35547,L
35548,L
35549,B
35550,L
35551,L
35552,L
35553,L
35554,L
35555,L
35556,L
35557,L
35558,L
35559,L
35560,B
35561,L
35562,L
35563,L
35564,L
35565,L
35566,L
35567,L
35568,L
35569,B
35570,L
35571,L
35572,B
35573,L
35574,L
35575,L
35576,L
35577,L
35578,L
35579,L
35580,B
35581,L
35582,L
35583,L
35584,B
35585,L
35586,L
35587,L
35588,L
35589,L
35590,L
35591,L
35592,L
35593,L
35594,L
35595,L
35596,L
35597,L
35598,L
35599,L
35600,L
35601,L
35602,L
35603,L
35604,L
35605,L
35606,L
35607,B
35608,B
35609,B
35610,B
35611,L
35612,L
35613,L
35614,L
35615,L
35616,L
35617,B
35618,L
35619,L
35620,L
35621,L
35622,L
35623,L
35624,L
35625,L
35626,B
35627,L
35628,L
35629,L
35630,L
35631,L
35632,L
35633,L
35634,L
35635,L
35636,L
35637,L
35638,L
35639,L
35640,L
35641,L
35642,L
35643,L
35644,L
35645,L
35646,L
35647,B
35648,L
35649,L
35650,L
35651,L
35652,B
35653,B
35654,L
35655,L
35656,L
35657,L
35658,L
35659,L
35660,L
35661,L
35662,L
35663,L
35664,B
35665,L
35666,B
35667,L
35668,B
35669,B
35670,B
35671,L
35672,L
35673,L
35674,B
35675,L
35676,L
35677,L
35678,L
35679,L
35680,L
35681,L
35682,B
35683,B
35684,L
35685,L
35686,L
35687,L
35688,L
35689,L
35690,L
35691,B
35692,L
35693,L
35694,L
35695,L
35696,L
35697,L
35698,L
35699,B
35700,L
35701,L
35702,L
35703,B
35704,L
35705,B
35706,L
35707,L
35708,L
35709,L
35710,L
35711,L
35712,L
35713,L
35714,L
35715,L
35716,L
35717,L
35718,L
35719,L
35720,B
35721,L
35722,L
35723,L
35724,L
35725,L
35726,L
35727,L
35728,B
35729,L
35730,L
35731,B
35732,B
35733,B
35734,L
35735,L
35736,L
35737,B
35738,L
35739,B
35740,B
35741,B
35742,B
35743,L
35744,B
35745,L
35746,B
35747,L
35748,L
35749,L
35750,L
35751,L
35752,L
35753,L
35754,L
35755,L
35756,B
35757,L
35758,L
35759,L
35760,L
35761,B
35762,L
35763,L
35764,L
35765,L
35766,L
35767,L
35768,L
35769,L
35770,B
35771,B
35772,L
35773,L
35774,L
35775,B
35776,L
35777,B
35778,L
35779,B
35780,B
35781,L
35782,L
35783,B
35784,L
35785,L
35786,L
35787,L
35788,L
35789,B
35790,B
35791,L
35792,L
35793,L
35794,L
35795,L
35796,B
35797,L
35798,L
35799,L
35800,B
35801,L
35802,L
35803,L
35804,B
35805,L
35806,L
35807,L
35808,L
35809,L
35810,L
35811,L
35812,B
35813,L
35814,L
35815,B
35816,L
35817,B
35818,B
35819,B
35820,B
35821,L
35822,L
35823,L
35824,L
35825,L
35826,L
35827,L
35828,L
35829,L
35830,L
35831,L
35832,L
35833,L
35834,B
35835,L
35836,B
35837,L
35838,L
35839,L
35840,L
35841,L
35842,L
35843,L
35844,L
35845,L
35846,L
35847,L
35848,L
35849,L
35850,L
35851,L
35852,L
35853,L
35854,B
35855,B
35856,B
35857,L
35858,L
35859,L
35860,L
35861,L
35862,L
35863,L
35864,L
35865,L
35866,L
35867,B
35868,B
35869,L
35870,L
35871,L
35872,L
35873,L
35874,L
35875,L
35876,L
35877,B
35878,L
35879,B
35880,L
35881,B
35882,L
35883,L
35884,L
35885,L
35886,L
35887,L
35888,L
35889,L
35890,L
35891,L
35892,B
35893,L
35894,L
35895,B
35896,L
35897,L
35898,L
35899,L
35900,B
35901,L
35902,L
35903,L
35904,L
35905,L
35906,L
35907,B
35908,L
35909,L
35910,L
35911,L
35912,B
35913,L
35914,L
35915,L
35916,L
35917,L
35918,L
35919,L
35920,L
35921,L
35922,L
35923,L
35924,B
35925,L
35926,L
35927,L
35928,L
35929,L
35930,L
35931,L
35932,L
35933,L
35934,L
35935,L
35936,L
35937,L
35938,B
35939,L
35940,L
35941,L
35942,B
35943,L
35944,L
35945,B
35946,L
35947,L
35948,L
35949,B
35950,L
35951,B
35952,B
35953,L
35954,L
35955,L
35956,L
35957,L
35958,L
35959,L
35960,B
35961,L
35962,L
35963,L
35964,L
35965,L
35966,L
35967,L
35968,L
35969,L
35970,B
35971,L
35972,L
35973,L
35974,L
35975,L
35976,B
35977,L
35978,B
35979,L
35980,L
35981,L
35982,L
35983,L
35984,L
35985,L
35986,L
35987,B
35988,L
35989,L
35990,L
35991,L
35992,L
35993,L
35994,L
35995,L
35996,L
35997,L
35998,L
35999,L
36000,L
36001,L
36002,L
36003,L
36004,L
36005,L
36006,L
36007,L
36008,L
36009,B
36010,L
36011,L
36012,L
36013,L
36014,B
36015,L
36016,L
36017,B
36018,L
36019,L
36020,L
36021,L
36022,L
36023,B
36024,L
36025,L
36026,L
36027,L
36028,L
36029,L
36030,B
36031,B
36032,L
36033,L
36034,L
36035,B
36036,L
36037,L
36038,L
36039,L
36040,L
36041,L
36042,L
36043,L
36044,B
36045,L
36046,L
36047,L
36048,B
36049,L
36050,L
36051,L
36052,L
36053,L
36054,B
36055,L
36056,L
36057,L
36058,L
36059,B
36060,B
36061,L
36062,B
36063,L
36064,L
36065,L
36066,L
36067,L
36068,L
36069,B
36070,L
36071,L
36072,L
36073,L
36074,L
36075,L
36076,L
36077,B
36078,B
36079,B
36080,B
36081,L
36082,L
36083,L
36084,L
36085,L
36086,B
36087,L
36088,L
36089,B
36090,L
36091,L
36092,L
36093,L
36094,B
36095,B
36096,L
36097,B
36098,L
36099,L
36100,L
36101,L
36102,L
36103,L
36104,L
36105,L
36106,L
36107,L
36108,B
36109,L
36110,L
36111,L
36112,L
36113,B
36114,L
36115,L
36116,L
36117,L
36118,L
36119,L
36120,L
36121,L
36122,B
36123,L
36124,L
36125,L
36126,L
36127,B
36128,L
36129,L
36130,B
36131,L
36132,L
36133,L
36134,L
36135,L
36136,L
36137,L
36138,B
36139,B
36140,B
36141,L
36142,L
36143,L
36144,L
36145,L
36146,L
36147,B
36148,L
36149,L
36150,B
36151,L
36152,L
36153,L
36154,L
36155,L
36156,L
36157,L
36158,L
36159,L
36160,L
36161,L
36162,L
36163,L
36164,L
36165,L
36166,L
36167,B
36168,L
36169,B
36170,L
36171,L
36172,L
36173,L
36174,L
36175,B
36176,L
36177,L
36178,L
36179,L
36180,L
36181,L
36182,L
36183,L
36184,L
36185,L
36186,B
36187,L
36188,L
36189,L
36190,B
36191,L
36192,B
36193,L
36194,B
36195,L
36196,L
36197,L
36198,L
36199,B
36200,L
36201,L
36202,L
36203,L
36204,L
36205,L
36206,L
36207,L
36208,L
36209,L
36210,L
36211,L
36212,B
36213,L
36214,L
36215,L
36216,B
36217,L
36218,L
36219,B
36220,L
36221,B
36222,B
36223,L
36224,L
36225,L
36226,L
36227,L
36228,L
36229,L
36230,L
36231,B
36232,L
36233,L
36234,B
36235,L
36236,B
36237,L
36238,L
36239,B
36240,L
36241,L
36242,L
36243,L
36244,L
36245,L
36246,L
36247,L
36248,B
36249,L
36250,L
36251,L
36252,L
36253,B
36254,L
36255,L
36256,L
36257,B
36258,L
36259,L
36260,L
36261,L
36262,L
36263,L
36264,L
36265,L
36266,B
36267,L
36268,L
36269,L
36270,L
36271,B
36272,B
36273,L
36274,L
36275,L
36276,L
36277,L
36278,L
36279,L
36280,L
36281,B
36282,L
36283,B
36284,L
36285,L
36286,L
36287,L
36288,L
36289,L
36290,B
36291,L
36292,B
36293,L
36294,B
36295,L
36296,L
36297,L
36298,L
36299,L
36300,L
36301,L
36302,L
36303,L
36304,L
36305,L
36306,L
36307,L
36308,L
36309,L
36310,L
36311,L
36312,L
36313,B
36314,L
36315,B
36316,L
36317,L
36318,B
36319,L
36320,L
36321,L
36322,L
36323,B
36324,L
36325,L
36326,L
36327,L
36328,L
36329,L
36330,L
36331,B
36332,L
36333,L
36334,L
36335,B
36336,L
36337,B
36338,L
36339,L
36340,B
36341,B
36342,L
36343,L
36344,L
36345,L
36346,L
36347,L
36348,L
36349,L
36350,L
36351,L
36352,L
36353,L
36354,L
36355,L
36356,L
36357,L
36358,L
36359,L
36360,L
36361,L
36362,B
36363,L
36364,L
36365,B
36366,L
36367,L
36368,B
36369,L
36370,L
36371,L
36372,B
36373,L
36374,L
36375,L
36376,L
36377,L
36378,L
36379,L
36380,L
36381,L
36382,L
36383,L
36384,L
36385,L
36386,L
36387,L
36388,L
36389,L
36390,L
36391,L
36392,B
36393,L
36394,L
36395,L
36396,L
36397,L
36398,L
36399,L
36400,L
36401,L
36402,L
36403,L
36404,L
36405,B
36406,L
36407,B
36408,L
36409,L
36410,L
36411,L
36412,L
36413,L
36414,B
36415,L
36416,L
36417,B
36418,L
36419,L
36420,B
36421,L
36422,L
36423,L
36424,L
36425,L
36426,L
36427,L
36428,L
36429,L
36430,L
36431,L
36432,L
36433,L
36434,L
36435,L
36436,L
36437,L
36438,L
36439,L
36440,L
36441,L
36442,L
36443,L
36444,L
36445,L
36446,L
36447,L
36448,L
36449,L
36450,L
36451,L
36452,L
36453,L
36454,L
36455,L
36456,B
36457,B
36458,B
36459,L
36460,B
36461,L
36462,L
36463,L
36464,L
36465,B
36466,L
36467,L
36468,L
36469,L
36470,L
36471,L
36472,L
36473,L
36474,B
36475,L
36476,B
36477,B
36478,L
36479,L
36480,L
36481,L
36482,L
36483,L
36484,L
36485,L
36486,L
36487,L
36488,L
36489,L
36490,L
36491,L
36492,L
36493,L
36494,L
36495,L
36496,L
36497,L
36498,L
36499,L
36500,L
36501,B
36502,L
36503,L
36504,B
36505,B
36506,B
36507,L
36508,L
36509,L
36510,B
36511,L
36512,L
36513,L
36514,L
36515,L
36516,L
36517,L
36518,L
36519,L
36520,L
36521,L
36522,L
36523,L
36524,L
36525,L
36526,L
36527,L
36528,L
36529,L
36530,L
36531,B
36532,L
36533,L
36534,L
36535,B
36536,B
36537,L
36538,L
36539,L
36540,L
36541,B
36542,L
36543,L
36544,L
36545,L
36546,L
36547,L
36548,L
36549,L
36550,L
36551,L
36552,L
36553,L
36554,L
36555,B
36556,B
36557,L
36558,L
36559,L
36560,B
36561,L
36562,L
36563,L
36564,L
36565,L
36566,L
36567,L
36568,L
36569,L
36570,L
36571,B
36572,L
36573,L
36574,L
36575,L
36576,B
36577,L
36578,L
36579,B
36580,B
36581,L
36582,L
36583,L
36584,L
36585,L
36586,L
36587,L
36588,L
36589,L
36590,L
36591,L
36592,L
36593,L
36594,L
36595,L
36596,B
36597,L
36598,B
36599,L
36600,L
36601,L
36602,L
36603,L
36604,L
36605,B
36606,L
36607,B
36608,L
36609,L
36610,L
36611,L
36612,L
36613,B
36614,L
36615,L
36616,B
36617,L
36618,B
36619,B
36620,L
36621,L
36622,B
36623,L
36624,L
36625,L
36626,B
36627,B
36628,B
36629,L
36630,L
36631,L
36632,L
36633,B
36634,B
36635,B
36636,L
36637,L
36638,B
36639,L
36640,L
36641,B
36642,B
36643,L
36644,L
36645,L
36646,B
36647,L
36648,L
36649,L
36650,L
36651,L
36652,L
36653,L
36654,L
36655,L
36656,L
36657,L
36658,L
36659,L
36660,L
36661,L
36662,L
36663,L
36664,L
36665,L
36666,L
36667,L
36668,L
36669,L
36670,L
36671,L
36672,L
36673,L
36674,L
36675,L
36676,B
36677,L
36678,L
36679,L
36680,L
36681,L
36682,L
36683,L
36684,L
36685,L
36686,L
36687,L
36688,L
36689,L
36690,B
36691,L
36692,L
36693,L
36694,L
36695,L
36696,L
36697,L
36698,L
36699,L
36700,L
36701,L
36702,L
36703,L
36704,B
36705,L
36706,L
36707,L
36708,B
36709,L
36710,B
36711,L
36712,L
36713,L
36714,L
36715,L
36716,L
36717,B
36718,L
36719,L
36720,L
36721,L
36722,B
36723,B
36724,L
36725,B
36726,L
36727,L
36728,L
36729,L
36730,B
36731,B
36732,B
36733,L
36734,B
36735,L
36736,L
36737,L
36738,L
36739,L
36740,L
36741,B
36742,L
36743,L
36744,L
36745,L
36746,L
36747,L
36748,L
36749,B
36750,L
36751,B
36752,L
36753,L
36754,L
36755,L
36756,L
36757,B
36758,L
36759,L
36760,B
36761,L
36762,B
36763,B
36764,L
36765,L
36766,B
36767,L
36768,L
36769,L
36770,L
36771,L
36772,L
36773,L
36774,L
36775,L
36776,L
36777,L
36778,L
36779,B
36780,L
36781,L
36782,L
36783,L
36784,L
36785,L
36786,L
36787,L
36788,L
36789,L
36790,L
36791,L
36792,L
36793,B
36794,B
